{
  "goals": [
    {
      "title": "Better Connected",
      "img": "/AboutUs/G1.png",
      "blurbText": "In our current times, connection have great importance!Make as much as connections!"
    },
    {
      "title": "Environment Friendly",
      "img": "/AboutUs/G2.png",
      "blurbText": "We should keep our environment clean and beautiful!"
    },
    {
      "title": "Partnerships",
      "img": "/AboutUs/G3.png",
      "blurbText": "In our socity, we should participate with each other in different activities!"
    },
    {
      "title": "Supporting our communities",
      "img": "/AboutUs/G4.png",
      "blurbText": "We should support other esp in our bad times"
    }
  ]
}
